id,name,model_id/id,group_id/id,perm_read,perm_write,perm_create,perm_unlink
dispatch_campaign_user,dispatch.campaign user,model_dispatch_campaign,group_dispatch_user,1,0,0,0
dispatch_campaign_manager,dispatch.campaign manager,model_dispatch_campaign,group_dispatch_manager,1,1,1,1
dispatch_shift_template_user,dispatch.shift.template user,model_dispatch_shift_template,group_dispatch_user,1,0,0,0
dispatch_shift_template_manager,dispatch.shift.template manager,model_dispatch_shift_template,group_dispatch_manager,1,1,1,1
dispatch_shift_slot_user,dispatch.shift.slot user,model_dispatch_shift_slot,group_dispatch_user,1,0,0,0
dispatch_shift_slot_manager,dispatch.shift.slot manager,model_dispatch_shift_slot,group_dispatch_manager,1,1,1,1
dispatch_shift_application_user,dispatch.shift.application user,model_dispatch_shift_application,group_dispatch_user,1,1,0,0
dispatch_shift_application_manager,dispatch.shift.application manager,model_dispatch_shift_application,group_dispatch_manager,1,1,1,1
dispatch_campaign_invite_manager,dispatch.campaign.invite manager,model_dispatch_campaign_invite,group_dispatch_manager,1,1,1,1
